dataset,question
AQuA,"The average wages of a worker during a fortnight comprising of 15 consecutive working days was $90 per day. During the first 7 days, his average wage was $87 per day and the average wage during the last 7 days was $92 per day. What was his wage on the 8th day? Answer Choices: (A) $83 (B) $92 (C) $90 (D) $97 (E) $104"
AQuA,"If 27 bottles of soda cost A cents, how much will B bottles cost in dollars? Answer Choices: (A) AB/2700 (B) 27/AB (C) AB/270 (D) 2700/AB (E) 100AB/27"
GSM8K,"James decides to run 3 sprints 3 times a week. He runs 60 meters each sprint. How many total meters does he run a week?"
GSM8K,"In a dance class of 20 students, 20% enrolled in contemporary dance, 25% of the remaining enrolled in jazz dance, and the rest enrolled in hip-hop dance. What percentage of the entire students enrolled in hip-hop dance?"
MultiArith,"The school cafeteria ordered 42 red apples and 7 green apples for students lunches. But, if only 9 students wanted fruit, how many extra did the cafeteria end up with?"
MultiArith,"Carol and her mom were picking carrots from their garden. Carol picked 29 and her mother picked 16. If only 38 of the carrots were good, how many bad carrots did they have?"
SVAMP,"Mom buys 70 white t-shirts in total. If white t-shirts can be purchased in packages and mom buys 14 packages. How many white t-shirts does each package have?"
SVAMP,"Jesseâ€™s rooms are 19 feet long and 18 feet wide. If she has 20 rooms in all. How much carpet does she need to cover the floors of all rooms?"
AddSub,"There were 28 bales of hay in the barn. Tim stacked bales in the barn today. There are now 54 bales of hay in the barn. How many bales did he store in the barn?"
AddSub,"There were 6 roses in the vase. Mary cut some roses from her flower garden. There are now 16 roses in the vase. How many roses did she cut?"
SingleEq,"After eating at the restaurant, Sally, Sam, and Alyssa decided to divide the bill evenly. If each person paid 45 dollars, what was the total of the bill?"
SingleEq,"Mary is baking a cake. The recipe wants 8 cups of flour. She already put in 2 cups. How many more cups does she need to add?"
CSQA,"What is a place that has a bench nestled in trees? Answer Choices: (A) state park (B) bus stop (C) bus depot (D) statue (E) train station"
CSQA,"Where is a good idea but not required to have a fire extinguisher? Answer Choices: (A) school bus (B) boat (C) house (D) hospital (E) school"
StrategyQA,"Does the country that received the most gold medals during the 1976 Olympics still exist?"
StrategyQA,"Is the Mona Lisa in the same museum as the Venus de Milo?"
Last Letters,'Take the last letters of each words in "Lino Mariel Aditya Elisabeth" and concatenate them'
Last Letters,'Take the last letters of each words in "Jacky Socorro Mark Wanda" and concatenate them'
Coin Flip,'A coin is heads up. Walter does not flip the coin. Mikayla does not flip the coin. Larry does not flip the coin. Ryan does not flip the coin. Is the coin still heads up? Note that "flip" here means "reverse".'
Coin Flip,'A coin is heads up. Lorena does not flip the coin. Shana does not flip the coin. Priscilla does not flip the coin. Summer does not flip the coin. Is the coin still heads up? Note that "flip" here means "reverse"'